{
  "params": {
    "lambda_hor": 0.1,
    "tau_hor": 1.0,
    "Omega_m0": 0.3,
    "Omega_r0": 9e-05,
    "Omega_L0_base": 0.6999099999999999,
    "Omega_L0_eff": 0.6608581659557972,
    "Omega_hor0": 0.03905183404420276,
    "M_today": 0.39051834044202755,
    "delta_H0_frac": 0.0,
    "delta_H0_kmsMpc": 0.0
  },
  "data": {
    "z": [
      0.0,
      0.04081632653061224,
      0.08163265306122448,
      0.12244897959183673,
      0.16326530612244897,
      0.2040816326530612,
      0.24489795918367346,
      0.2857142857142857,
      0.32653061224489793,
      0.36734693877551017,
      0.4081632653061224,
      0.44897959183673464,
      0.4897959183673469,
      0.5306122448979591,
      0.5714285714285714,
      0.6122448979591836,
      0.6530612244897959,
      0.6938775510204082,
      0.7346938775510203,
      0.7755102040816326,
      0.8163265306122448,
      0.8571428571428571,
      0.8979591836734693,
      0.9387755102040816,
      0.9795918367346939,
      1.0204081632653061,
      1.0612244897959182,
      1.1020408163265305,
      1.1428571428571428,
      1.183673469387755,
      1.2244897959183672,
      1.2653061224489794,
      1.3061224489795917,
      1.346938775510204,
      1.3877551020408163,
      1.4285714285714284,
      1.4693877551020407,
      1.510204081632653,
      1.5510204081632653,
      1.5918367346938773,
      1.6326530612244896,
      1.673469387755102,
      1.7142857142857142,
      1.7551020408163265,
      1.7959183673469385,
      1.8367346938775508,
      1.8775510204081631,
      1.9183673469387754,
      1.9591836734693877,
      2.0
    ],
    "H_horizon_memory": [
      69.99999999999999,
      71.24392725879802,
      72.57690384892774,
      73.99798889481073,
      75.50599019764378,
      77.09950495100395,
      78.77695807216229,
      80.5366381493575,
      82.37673145369557,
      84.29535167235517,
      86.29056659671375,
      88.36042128577317,
      90.50295784072095,
      92.7162319144135,
      94.9983264077456,
      97.34736220855986,
      99.76150682752179,
      102.23898084823473,
      104.77806280607984,
      107.37709223979344,
      110.03447148678292,
      112.748666817732,
      115.51820843537337,
      118.34168986427582,
      121.21776673028609,
      124.14515527472038,
      127.12263050799541,
      130.14902414381882,
      133.22322235010344,
      136.34416348460184,
      139.51083575186118,
      142.72227485411298,
      145.97756165320027,
      149.27581991018033,
      152.61621406580687,
      155.9979470937506,
      159.42025843460215,
      162.88242202876071,
      166.3837444309251,
      169.9235630149245,
      173.50124427084071,
      177.11618219674057,
      180.7677967743055,
      184.45553252956506,
      188.17885717565318,
      191.93726033686818,
      195.7302523452494,
      199.55736310919397,
      203.41814104919604,
      207.3121520987401
    ],
    "H_baseline_GR": [
      69.99999999999999,
      71.32687730767039,
      72.73479245687336,
      74.22317923472735,
      75.79125856986775,
      77.43806703453586,
      79.16248473252138,
      80.96326201381937,
      82.83904458324845,
      84.78839669311168,
      86.80982222296987,
      88.9017835486024,
      91.062718185064,
      93.29105325483152,
      95.58521788200841,
      97.94365364887973,
      100.36482327373027,
      102.84721768089767,
      105.38936163767423,
      107.98981812988887,
      110.64719164056177,
      113.36013048542891,
      116.12732834660231,
      118.9475251321328,
      121.81950727550239,
      124.74210757562523,
      127.71420466514986,
      130.73472218295663,
      133.80262771587658,
      136.91693156486724,
      140.0766853821738,
      143.28098071833998,
      146.52894751124919,
      149.81975254359767,
      153.1525978902383,
      156.5267193726075,
      159.94138503386273,
      163.3958936453484,
      166.88957325248515,
      170.4217797660856,
      173.991895603371,
      177.59932838154597,
      181.2435096656384,
      184.92389377138085,
      188.63995662317043,
      192.3911946665583,
      196.17712383426715,
      199.99727856438784,
      203.85121086915117,
      207.73848945248446
    ],
    "M_z": [
      0.39051834044202755,
      0.3663831257347638,
      0.34369576605847585,
      0.3224000236380938,
      0.3024360549769789,
      0.28374168257389065,
      0.26625330794516083,
      0.2499066842832123,
      0.2346378864192724,
      0.22038385019214488,
      0.2070829306425521,
      0.19467534386399743,
      0.18310351323167684,
      0.17231230577161158,
      0.16224924395540366,
      0.1528645422233286,
      0.14411118479012397,
      0.1359449122456121,
      0.12832425676515732,
      0.12121041829229941,
      0.1145671107123141,
      0.10836055575319403,
      0.10255934288851865,
      0.0971343095707546,
      0.09205837764994115,
      0.08730645426973482,
      0.082855307830879,
      0.07868344520423295,
      0.07477097242494944,
      0.07109949794671881,
      0.06765202314875057,
      0.06441283824542007,
      0.06136741688990254,
      0.0585023356088649,
      0.05580518789340041,
      0.05326450353101063,
      0.05086967269716109,
      0.048610882877340576,
      0.04647905566406282,
      0.04446578747639715,
      0.042563295290132745,
      0.04076436977427099,
      0.03906232966294698,
      0.03745097961851994,
      0.0359245713466528,
      0.03447776982402796,
      0.033105620543289624,
      0.03180351989781368,
      0.030567187567467954,
      0.029392642097453847
    ],
    "H_ratio": [
      1.0,
      0.9988370435941762,
      0.9978292560875974,
      0.9969660375338482,
      0.9962361309522128,
      0.9956279631388407,
      0.9951299322948018,
      0.9947306487677207,
      0.994419139768225,
      0.9941849941738954,
      0.9940184691897833,
      0.9939105579076121,
      0.99385302398721,
      0.9938384087180594,
      0.9938600184498477,
      0.993911893031298,
      0.9939887659188815,
      0.9940860156805592,
      0.9941996153872151,
      0.9943260772107381,
      0.9944623976018363,
      0.9946060077288328,
      0.9947547238027304,
      0.9949067013610919,
      0.9950603925539164,
      0.9952145084566337,
      0.995367984644265,
      0.9955199504052324,
      0.9956697011436615,
      0.9958166745798416,
      0.9959604296120458,
      0.9961006278612422,
      0.996237017548996,
      0.996369419758192,
      0.9964977164486897,
      0.9966218401498714,
      0.9967417651213271,
      0.9968574998726579,
      0.9969690807418221,
      0.9970765664350828,
      0.9971800334100114,
      0.9972795720050954,
      0.9973752831634606,
      0.9974672756869655,
      0.9975556639443129,
      0.9976405659808035,
      0.9977221019439796,
      0.9978003927935837,
      0.9978755592468218,
      0.9979477209309262
    ]
  }
}