{
  "params": {
    "lambda_hor": 0.1,
    "tau_hor": 1.0,
    "Omega_m0": 0.3,
    "Omega_r0": 9e-05,
    "Omega_L0_base": 0.6999099999999999,
    "Omega_L0_eff": 0.6608581659557972,
    "Omega_hor0": 0.03905183404420276,
    "M_today": 0.39051834044202755,
    "delta_H0_frac": 0.0,
    "delta_H0_kmsMpc": 0.0
  },
  "data": {
    "z": [
      0.0,
      0.04081632653061224,
      0.08163265306122448,
      0.12244897959183673,
      0.16326530612244897,
      0.2040816326530612,
      0.24489795918367346,
      0.2857142857142857,
      0.32653061224489793,
      0.36734693877551017,
      0.4081632653061224,
      0.44897959183673464,
      0.4897959183673469,
      0.5306122448979591,
      0.5714285714285714,
      0.6122448979591836,
      0.6530612244897959,
      0.6938775510204082,
      0.7346938775510203,
      0.7755102040816326,
      0.8163265306122448,
      0.8571428571428571,
      0.8979591836734693,
      0.9387755102040816,
      0.9795918367346939,
      1.0204081632653061,
      1.0612244897959182,
      1.1020408163265305,
      1.1428571428571428,
      1.183673469387755,
      1.2244897959183672,
      1.2653061224489794,
      1.3061224489795917,
      1.346938775510204,
      1.3877551020408163,
      1.4285714285714284,
      1.4693877551020407,
      1.510204081632653,
      1.5510204081632653,
      1.5918367346938773,
      1.6326530612244896,
      1.673469387755102,
      1.7142857142857142,
      1.7551020408163265,
      1.7959183673469385,
      1.8367346938775508,
      1.8775510204081631,
      1.9183673469387754,
      1.9591836734693877,
      2.0
    ],
    "chi_horizon_memory": [
      0.0,
      0.0005780310796649115,
      0.0011457052878622856,
      0.0017027129581388706,
      0.002248807267802119,
      0.0027838022742836767,
      0.0033075699937357155,
      0.003820036741318861,
      0.004321178936947685,
      0.004811018570387369,
      0.0052896184984831725,
      0.005757077718247449,
      0.0062135267332538565,
      0.00665912310555027,
      0.007094047259462883,
      0.007518498583817108,
      0.007932691859349087,
      0.008336854022446638,
      0.008731221267228405,
      0.009116036475858545,
      0.00949154696206249,
      0.009858002510079273,
      0.010215653683494589,
      0.010564750383146566,
      0.010905540628256143,
      0.011238269539162812,
      0.011563178497465902,
      0.01188050446250926,
      0.012190479426736303,
      0.012493329988520678,
      0.01278927702971078,
      0.013078535480286185,
      0.013361314159773126,
      0.013637815682806,
      0.013908236417526438,
      0.014172766489412564,
      0.014431589822360327,
      0.014684884211849233,
      0.01493282142115461,
      0.015175567298434695,
      0.015413281909141766,
      0.015646119680664126,
      0.015874229556256846,
      0.016097755154495307,
      0.016316834934012068,
      0.01653160236002375,
      0.01674218607173829,
      0.016948710048961174,
      0.017151293777830517,
      0.017350052414216548
    ],
    "chi_baseline_GR": [
      0.0,
      0.0005776882378162385,
      0.0011444100048343634,
      0.0016999624678846169,
      0.0022441955141142425,
      0.0027770095841178556,
      0.0032983528572437305,
      0.003808217944997948,
      0.004306638241526279,
      0.00479368406761562,
      0.005269458728391005,
      0.005734094586597198,
      0.006187749234486871,
      0.006630601829015788,
      0.00706284963807627,
      0.007484704830396734,
      0.007896391528763546,
      0.008298143135451836,
      0.00869019993011275,
      0.009072806933687193,
      0.009446212026977853,
      0.009810664309062623,
      0.010166412678522887,
      0.010513704619251224,
      0.010852785172178874,
      0.011183896074434924,
      0.011507275048056655,
      0.011823155221280829,
      0.012131764666552497,
      0.01243332604060713,
      0.012728056313248736,
      0.013016166572713673,
      0.013297861896742093,
      0.01357334127965295,
      0.013842797606818714,
      0.014106417668953835,
      0.014364382209562465,
      0.014616865999735931,
      0.014864037935250986,
      0.015106061151600032,
      0.015343093153189146,
      0.015575285953475035,
      0.015802786223282905,
      0.01602573544496105,
      0.016244270070388686,
      0.016458521681168715,
      0.016668617149609804,
      0.016874678799338797,
      0.017076824564588356,
      0.01727516814738018
    ],
    "D_L_horizon_memory": [
      0.0,
      0.0006016241849573569,
      0.001239232250136758,
      0.001911208422400773,
      0.00261595947479022,
      0.003351925187402794,
      0.004117587135058748,
      0.004911475810267106,
      0.00573217614084897,
      0.0065783315146112995,
      0.007448646457047733,
      0.008341888122358549,
      0.009256886765867991,
      0.010192535365638168,
      0.01114778855058453,
      0.012121660982072478,
      0.013113225318515836,
      0.014121609874756549,
      0.015145996075804375,
      0.01618561578366721,
      0.017239748563746157,
      0.01830771894729008,
      0.01938889372581626,
      0.02048267931426375,
      0.021588519202874405,
      0.022705891517900374,
      0.023834306698858287,
      0.024973305298743954,
      0.026122455914434933,
      0.02728135324023903,
      0.028449616249764793,
      0.0296268864961585,
      0.030812826531721696,
      0.03200711843923858,
      0.033209462466338636,
      0.03441957576000194,
      0.03563719119399183,
      0.03686205628688685,
      0.038093932196822985,
      0.03933259279390216,
      0.04057782380161812,
      0.04182942200340817,
      0.04308719450984001,
      0.044350958078711554,
      0.04562053848897251,
      0.04689576996006737,
      0.048176494614593855,
      0.049462561979621386,
      0.05075382852623316,
      0.05205015724264964
    ],
    "D_L_baseline_GR": [
      0.0,
      0.0006012673495638402,
      0.0012378312297188013,
      0.0019081211374215087,
      0.002610594781724731,
      0.003343746233937826,
      0.004106112740650358,
      0.004896280214997361,
      0.005712887463249145,
      0.0065546292353111536,
      0.007420258209366926,
      0.008308586033640838,
      0.009218483553419216,
      0.01014888035053437,
      0.011098763716976996,
      0.01206717717553759,
      0.013053218649588718,
      0.014056038372295966,
      0.015074836613460893,
      0.0161088612904242,
      0.017157405518388347,
      0.018219805145402015,
      0.019295436308216906,
      0.0203837130373238,
      0.021484084932680628,
      0.02259603492589913,
      0.02371907713987188,
      0.024852754852896435,
      0.025996638571183922,
      0.027150324211121693,
      0.028313431390696163,
      0.029485601827984036,
      0.030666497843507272,
      0.0318558009624508,
      0.03305321061219978,
      0.034258442910316454,
      0.03547122953789915,
      0.03669131669321468,
      0.03791846412053823,
      0.03915244420924906,
      0.04039304115839591,
      0.04164005020214753,
      0.04289327689176789,
      0.044152536429994726,
      0.04541765305394387,
      0.04668845946290717,
      0.0479647962876527,
      0.049246511598070364,
      0.050533460446230846,
      0.05182550444214054
    ],