{
  "params": {
    "lambda_hor": 0.1,
    "tau_hor": 1.0,
    "Omega_m0": 0.3,
    "Omega_r0": 9e-05,
    "Omega_L0_base": 0.6999099999999999,
    "Omega_L0_eff": 0.6608581659557972,
    "Omega_hor0": 0.03905183404420276,
    "M_today": 0.39051834044202755,
    "delta_H0_frac": 0.0,
    "delta_H0_kmsMpc": 0.0
  },
  "data": {
    "z": [
      0.0,
      0.04081632653061224,
      0.08163265306122448,
      0.12244897959183673,
      0.16326530612244897,
      0.2040816326530612,
      0.24489795918367346,
      0.2857142857142857,
      0.32653061224489793,
      0.36734693877551017,
      0.4081632653061224,
      0.44897959183673464,
      0.4897959183673469,
      0.5306122448979591,
      0.5714285714285714,
      0.6122448979591836,
      0.6530612244897959,
      0.6938775510204082,
      0.7346938775510203,
      0.7755102040816326,
      0.8163265306122448,
      0.8571428571428571,
      0.8979591836734693,
      0.9387755102040816,
      0.9795918367346939,
      1.0204081632653061,
      1.0612244897959182,
      1.1020408163265305,
      1.1428571428571428,
      1.183673469387755,
      1.2244897959183672,
      1.2653061224489794,
      1.3061224489795917,
      1.346938775510204,
      1.3877551020408163,
      1.4285714285714284,
      1.4693877551020407,
      1.510204081632653,
      1.5510204081632653,
      1.5918367346938773,
      1.6326530612244896,
      1.673469387755102,
      1.7142857142857142,
      1.7551020408163265,
      1.7959183673469385,
      1.8367346938775508,
      1.8775510204081631,
      1.9183673469387754,
      1.9591836734693877,
      2.0
    ],
    "w_hor": [
      -1.2601306240583117,
      -1.5429265995352908,
      -1.5649558269478958,
      -1.5862700577896618,
      -1.6068299483352746,
      -1.6266030835696177,
      -1.645572100462418,
      -1.6637264445282418,
      -1.6810605657162996,
      -1.6975799175997408,
      -1.7132955861899326,
      -1.7282224064149765,
      -1.7423815805133551,
      -1.7557943013673332,
      -1.7684856203201327,
      -1.780486770228054,
      -1.7918266826993183,
      -1.8025343890712597,
      -1.8126347398832814,
      -1.8221619205380413,
      -1.831151496714829,
      -1.8396268031389078,
      -1.8476150880865063,
      -1.855144015379968,
      -1.862244009955937,
      -1.8689381548609987,
      -1.875248781631773,
      -1.8811996252378052,
      -1.8868144494478258,
      -1.8921126078546373,
      -1.8971119654122006,
      -1.9018322811327195,
      -1.9062910317636508,
      -1.9105040334992744,
      -1.9144853039636893,
      -1.9182505663618556,
      -1.9218124781111094,
      -1.9251837823838946,
      -1.9283753180019025,
      -1.9313990600468003,
      -1.9342646648417365,
      -1.9369819052803172,
      -1.9395592019808183,
      -1.9420054350576614,
      -1.9443282938118949,
      -1.9465350249001268,
      -1.948632253723325,
      -1.9506265035685857,
      -1.9525239057343406,
      -1.9543298073240911
    ],
    "rho_hor": [
      0.03905183404420276,
      0.03663831257347638,
      0.034369576605847586,
      0.03224000236380938,
      0.03024360549769789,
      0.028374168257389067,
      0.026625330794516084,
      0.024990668428321233,
      0.023463788641927243,
      0.022038385019214488,
      0.02070829306425521,
      0.019467534386399744,
      0.018310351323167686,
      0.01723123057716116,
      0.016224924395540366,
      0.01528645422233286,
      0.014411118479012398,
      0.01359449122456121,
      0.012832425676515734,
      0.01212104182922994,
      0.011456711071231411,
      0.010836055575319404,
      0.010255934288851866,
      0.009713430957075461,
      0.009205837764994116,
      0.008730645426973483,
      0.0082855307830879,
      0.007868344520423296,
      0.0074770972424949445,
      0.007109949794671881,
      0.006765202314875058,
      0.0064412838245420075,
      0.006136741688990255,
      0.00585023356088649,
      0.005580518789340041,
      0.005326450353101063,
      0.005086967269716109,
      0.004861088287734058,
      0.004647905566406282,
      0.004446578747639715,
      0.004256329529013275,
      0.0040764369774270994,
      0.0039062329662946983,
      0.003745097961851994,
      0.00359245713466528,
      0.0034477769824027963,
      0.0033105620543289627,
      0.003180351989781368,
      0.0030567187567467954,
      0.0029392642097453847
    ],
    "Omega_hor": [
      0.039051834044202774,
      0.03537006357011986,
      0.03197226382058511,
      0.028850364972890497,
      0.025993623833590433,
      0.023389236258804305,
      0.021022902623194156,
      0.018879346562343902,
      0.016942796943845557,
      0.015197375437257087,
      0.013627423140087924,
      0.012217756765736764,
      0.01095386063043361,
      0.009822020306826891,
      0.008809410609654542,
      0.007904137087919713,
      0.007095251076417103,
      0.006372737289533094,
      0.0057274869479598395,
      0.005151251472982968,
      0.00463658810914003,
      0.004176807626014316,
      0.003765914189929479,
      0.003398546407039135,
      0.003069918458325108,
      0.002775766172314301,
      0.0025122952266414234,
      0.0022761328949549675,
      0.0020642830231235973,
      0.0018740859752474925,
      0.0017031817230970046,
      0.0015494765124975836,
      0.0014111127403078384,
      0.0012864424261379453,
      0.0011740032604529327,
      0.0010724972743022107,
      0.0009807718803110726,
      0.000897803205647925,
      0.0008226812290110105,
      0.0007545966209495163,
      0.0006928291258565729,
      0.0006367373533716301,
      0.0005857497222039235,
      0.0005393564669861317,
      0.000497102584897285,
      0.0004585816398544435,
      0.0004234302694213704,
      0.0003913233434543839,
      0.00036196968479615296,
      0.0003351083013534515
    ]
  }
}