{
  "config": {
    "n_walkers": 24,
    "n_steps": 1000,
    "n_burn": 300,
    "n_samples": 16800
  },
  "acceptance_fraction": 0.0,
  "parameters": {
    "H0": {
      "mean": 67.55564185965456,
      "std": 0.43280661025298894,
      "q16": 67.09814777394095,
      "q50": 67.54315336260453,
      "q84": 68.06996803104913
    },
    "Omega_m": {
      "mean": 0.3140541954414739,
      "std": 0.011754032402645454,
      "q16": 0.29965266119843814,
      "q50": 0.3145671131430329,
      "q84": 0.32669716962976886
    },
    "delta_w": {
      "mean": -0.08770485430796446,
      "std": 0.04631995298668059,
      "q16": -0.12299883457773378,
      "q50": -0.08646329348847703,
      "q84": -0.05579811453982552
    },
    "a_w": {
      "mean": 0.30756887946629796,
      "std": 0.04389207461876365,
      "q16": 0.265480239159942,
      "q50": 0.3108940031073897,
      "q84": 0.3545636791771041
    },
    "lambda_hor": {
      "mean": 0.08688894796090803,
      "std": 0.04759032761432895,
      "q16": 0.029411747232778798,
      "q50": 0.08802656081923663,
      "q84": 0.14152655861601215
    }
  },
  "best_fit": {
    "H0": 67.44588771874722,
    "Omega_m": 0.33948046548164756,
    "delta_w": -0.09675300886621775,
    "a_w": 0.2658132489401973,
    "lambda_hor": 0.04405109200115795,
    "chi2_total": NaN,
    "chi2_theta_s": 87010114674.2199,
    "chi2_bao": 1700982.403682221,
    "chi2_sn": NaN
  }
}