{
  "config": {
    "H0_true": 67.5,
    "Omega_m": 0.315,
    "n_walkers": 40,
    "n_steps": 5000,
    "n_burn": 1000,
    "n_calib": 40,
    "n_flow": 200,
    "seed": 20241215
  },
  "priors": {
    "H0_min": 50.0,
    "H0_max": 90.0,
    "sigma_alpha_pop": 0.05,
    "sigma_gamma_Z": 0.05,
    "sigma_delta_M_step": 0.03,
    "sigma_delta_beta": 0.3,
    "sigma_delta_M_W0": 0.03,
    "sigma_delta_mu_anchor": 0.02,
    "sigma_delta_mu_crowd": 0.03,
    "sigma_delta_ZP_inst": 0.02,
    "sigma_delta_color_inst": 0.02
  },
  "results": {
    "n_samples": 160000,
    "H0": {
      "mean": 67.8525041616136,
      "std": 1.7590659102294561,
      "median": 67.81579532982468,
      "16th": 66.13672094287419,
      "84th": 69.57881349620921,
      "2.5th": 64.43224111367475,
      "97.5th": 71.42528561951946
    },
    "P_H0_ge_73": 0.00268125,
    "P_H0_ge_70": 0.1116375,
    "nuisance_params": {
      "alpha_pop": {
        "mean": 0.013671408857984414,
        "std": 0.04937777952370901,
        "median": 0.014207820602322403,
        "16th": -0.035459453344697536,
        "84th": 0.06262625606507037
      },
      "gamma_Z": {
        "mean": 0.014164299741700779,
        "std": 0.039608348721137006,
        "median": 0.014638622183302766,
        "16th": -0.025408009521537895,
        "84th": 0.05308036816079022
      },
      "delta_M_step": {
        "mean": 0.020356097977155676,
        "std": 0.021053530072989723,
        "median": 0.02009992365368299,
        "16th": -0.0004611564173963636,
        "84th": 0.04140400369844002
      },
      "delta_beta": {
        "mean": -0.04737558145569812,
        "std": 0.13024088610390597,
        "median": -0.04846840040096434,
        "16th": -0.17810594158917403,
        "84th": 0.08467530137614696
      },
      "delta_M_W0": {
        "mean": -0.00020529095434215593,
        "std": 0.030099598057306907,
        "median": -0.00018660442218743079,
        "16th": -0.030065052834827393,
        "84th": 0.02994301479572386
      },
      "delta_mu_anchor": {
        "mean": 0.00015288046662505922,
        "std": 0.019846200667389846,
        "median": -5.999652725563118e-05,
        "16th": -0.019387158600312458,
        "84th": 0.01989508855475562
      },
      "delta_mu_crowd": {
        "mean": 0.00014224038743046065,
        "std": 0.02994879131658846,
        "median": -2.572454742384711e-05,
        "16th": -0.029881149168500112,
        "84th": 0.030331407727561203
      },
      "delta_ZP_inst": {
        "mean": -0.0005260313784984857,
        "std": 0.020101340589836272,
        "median": -0.0004159876676278016,
        "16th": -0.020747946512211714,
        "84th": 0.019438042155238998
      },
      "delta_color_inst": {
        "mean": -0.0011664888376467482,
        "std": 0.020159861135640972,
        "median": -0.0014984782878717687,
        "16th": -0.021223170289554324,
        "84th": 0.018902862029236515
      }
    }
  },
  "acceptance_fraction": 0.41607000000000005
}