{
  "stats_by_scenario": {
    "v600.0_skyaway_from_apex": {
      "count": 50,
      "mean": -3.955765871179699,
      "std": 0.2793420592475123,
      "median": -4.005524894093099,
      "min": -4.544135012831731,
      "max": -3.4248647378294237,
      "abs_mean": 3.955765871179699,
      "abs_max": 4.544135012831731
    },
    "v600.0_skyisotropic": {
      "count": 50,
      "mean": -3.522057431893529,
      "std": 0.264448408415041,
      "median": -3.51011673441705,
      "min": -4.00113993489596,
      "max": -2.863774620773924,
      "abs_mean": 3.522057431893529,
      "abs_max": 4.00113993489596
    },
    "v600.0_skytoward_apex": {
      "count": 50,
      "mean": -3.188256540488087,
      "std": 0.2407677278946485,
      "median": -3.19118720496585,
      "min": -3.700989968365704,
      "max": -2.642900407217681,
      "abs_mean": 3.188256540488087,
      "abs_max": 3.700989968365704
    },
    "v800.0_skyaway_from_apex": {
      "count": 50,
      "mean": -4.320965993527091,
      "std": 0.2255156218641553,
      "median": -4.319216559107268,
      "min": -4.7487540812950755,
      "max": -3.879097159933451,
      "abs_mean": 4.320965993527091,
      "abs_max": 4.7487540812950755
    },
    "v800.0_skyisotropic": {
      "count": 50,
      "mean": -3.5845657460709948,
      "std": 0.25855351521110825,
      "median": -3.582767607144053,
      "min": -4.221951234980601,
      "max": -2.962868622675387,
      "abs_mean": 3.5845657460709948,
      "abs_max": 4.221951234980601
    },
    "v800.0_skytoward_apex": {
      "count": 50,
      "mean": -2.8129804401030665,
      "std": 0.30119585941034155,
      "median": -2.8535139984921116,
      "min": -3.6178689491220197,
      "max": -2.107635686823201,
      "abs_mean": 2.8129804401030665,
      "abs_max": 3.6178689491220197
    },
    "v1000.0_skyaway_from_apex": {
      "count": 50,
      "mean": -4.573283046631163,
      "std": 0.22023491835250822,
      "median": -4.618391042564372,
      "min": -5.025480040603348,
      "max": -4.0699606389256715,
      "abs_mean": 4.573283046631163,
      "abs_max": 5.025480040603348
    },
    "v1000.0_skyisotropic": {
      "count": 50,
      "mean": -3.466108851348125,
      "std": 0.2163931999276144,
      "median": -3.4450612606673374,
      "min": -4.045207482590165,
      "max": -3.0761369128280904,
      "abs_mean": 3.466108851348125,
      "abs_max": 4.045207482590165
    },
    "v1000.0_skytoward_apex": {
      "count": 50,
      "mean": -2.424604117809786,
      "std": 0.2549527343823791,
      "median": -2.4325065932331924,
      "min": -3.0224561512613803,
      "max": -1.843513242657778,
      "abs_mean": 2.424604117809786,
      "abs_max": 3.0224561512613803
    },
    "v1200.0_skyaway_from_apex": {
      "count": 50,
      "mean": -4.928256221104808,
      "std": 0.2399323442535602,
      "median": -4.898121969372905,
      "min": -5.458112138249888,
      "max": -4.385151247629963,
      "abs_mean": 4.928256221104808,
      "abs_max": 5.458112138249888
    },
    "v1200.0_skyisotropic": {
      "count": 50,
      "mean": -3.621443707639429,
      "std": 0.2608395287697262,
      "median": -3.617289454707713,
      "min": -4.279612245720479,
      "max": -2.898236794902431,
      "abs_mean": 3.621443707639429,
      "abs_max": 4.279612245720479
    },
    "v1200.0_skytoward_apex": {
      "count": 50,
      "mean": -2.0943385886745687,
      "std": 0.24174763129042764,
      "median": -2.091922275710644,
      "min": -2.6152396559079563,
      "max": -1.5933787445896144,
      "abs_mean": 2.0943385886745687,
      "abs_max": 2.6152396559079563
    }
  },
  "overall": {
    "delta_H0_cmb": {
      "count": 600,
      "mean": -3.5410522130391957,
      "std": 0.8434625612432733,
      "median": -3.5536623141841446,
      "min": -5.458112138249888,
      "max": -1.5933787445896144,
      "abs_mean": 3.5410522130391957,
      "abs_max": 5.458112138249888
    },
    "frame_bias": {
      "count": 200,
      "mean": 0.8993565400049307,
      "std": 0.3775378320551127,
      "median": 0.9135627411137115,
      "min": 0.3612717386053106,
      "max": 1.5056799524225397,
      "abs_mean": 0.8993565400049307,
      "abs_max": 1.5056799524225397
    }
  },
  "by_sky_coverage": {
    "isotropic": {
      "count": 200,
      "mean": -0.012669150904535798,
      "std": 0.07477982591303536,
      "median": -0.006726281347138041,
      "min": -0.2820672663823345,
      "max": 0.16521296603804103,
      "abs_mean": 0.05415978140667569,
      "abs_max": 0.2820672663823345
    },
    "toward_apex": {
      "count": 200,
      "mean": 0.8993565400049307,
      "std": 0.3775378320551127,
      "median": 0.9135627411137115,
      "min": 0.3612717386053106,
      "max": 1.5056799524225397,
      "abs_mean": 0.8993565400049307,
      "abs_max": 1.5056799524225397
    },
    "away_from_apex": {
      "count": 200,
      "mean": -0.9044109032903256,
      "std": 0.384230207579043,
      "median": -0.8600734288115213,
      "min": -1.5615640799758523,
      "max": -0.3570761068808679,
      "abs_mean": 0.9044109032903256,
      "abs_max": 1.5615640799758523
    }
  },
  "total_realizations": 600,
  "v_true_values": [
    600.0,
    800.0,
    1000.0,
    1200.0
  ],
  "sky_coverage_values": [
    "away_from_apex",
    "isotropic",
    "toward_apex"
  ]
}