{
  "n_samples": 20000,
  "n_compatible": 550,
  "fraction_compatible": 0.0275,
  "H0_prior": {
    "mean": 64.4172946126781,
    "std": 1.89319704143372,
    "median": 64.1681874621928,
    "q16": 62.673351286459784,
    "q84": 66.14162045819836,
    "q2p5": 61.17373255555562,
    "q97p5": 68.87264943679665,
    "min": 61.0830445175613,
    "max": 76.42481257083064,
    "P_H0_ge_73": 0.00145,
    "P_H0_ge_70": 0.0116,
    "P_H0_le_65": 0.6746,
    "n_samples": 20000
  },
  "H0_post": {
    "mean": 67.48697582630282,
    "std": 0.1961233294598884,
    "median": 67.46497013885315,
    "q16": 67.27003197926872,
    "q84": 67.7235481043728,
    "q2p5": 67.17860906490277,
    "q97p5": 67.81728775773726,
    "min": 67.16687894080953,
    "max": 67.83688659441381,
    "P_H0_ge_73": 0.0,
    "P_H0_ge_70": 0.0,
    "P_H0_le_65": 0.0,
    "n_samples": 550
  },
  "hyperparams": {
    "N_q_mean": 8.0,
    "N_q_sigma": 3.0,
    "N_n_mean": 3.0,
    "N_n_sigma": 1.0,
    "k_trans_mean": 1.0,
    "k_trans_sigma": 0.5,
    "s_q_alpha": 2.0,
    "s_q_beta": 2.0,
    "log10_m_bh_min": 5.0,
    "log10_m_bh_max": 9.0
  },
  "config": {
    "n_samples": 20000,
    "seed": 1234,
    "H0_ref": 67.5,
    "gamma_H": 0.25
  },
  "timestamp": "2025-12-11T10:55:05.141165"
}